first_name,last_name,email,phone
Brent,Cenour,brent.cenour@example.com,415-555-1212
Billy,Bonfil,billy.bonfil@example.com,415-555-1212
Arne,Fost,arne.fost@example.com,415-555-1212
Alan,Colen,alan.colen@example.com,415-555-1212
Andrew,Fuller,andrew.fuller@example.com,415-555-1212
Jeffrey,Matt,jeffrey.matt@example.com,415-555-1212
Janet,Chan,janet.chan@example.com,415-555-1212
Jake,Sear,jake.sear@example.com,415-555-1212
Jeffrey,Smith,jeffrey.smith@example.com,415-555-1212